яхаянжаюмй	2224009042
рюкэлемйю-аюмй	2277004739
гепмнаюмй	2202000381
юкрюийюохрюкаюмй	2225019491
йпюихмбеяраюмй	2309074812
йпшкнбяйхи	2338002040
йсаюмэрнпцаюмй	2309023960
йсаюмэ йпедхр	2312016641
йсаюмяйхи смхбепяюкэмши аюмй	2310019990
хдеъ аюмй	2308016938
цюгрпюмяаюмй	0103001895
члй аюмй	2312262492
бмеьтхмаюмй	0541016015
чц-хмбеяраюмй	0106000547
цекемдфхй-аюмй	2304032625
аюмй гемхр янвх	2320184390
йюмяйхи	2450004016
емхяеияйхи назедхмеммши аюмй	2447002227
йпюямнъпяйхи йпюебни пюявермши жемрп	2466155733
емхяеи	2466002046
янкхд аюмй	4101011782
дюкэмебнярнвмши аюмй	2540016961
пйж дб	7105000307
опхлнпяйхи реппхрнпхюкэмши	2540015598
пнък йпедхр аюмй	2703006553
опхлнпэе	2536020789
опхлянжаюмй	2539013067
яюллхр аюмй	2503001251
ярюбпнонкэопнлярпниаюмй	2634028786
йнмрхмемрюкэ	0541016390
псяяйхи аюмй яаепефемхи	2618000776
бнярнвмши	2801015394
бнярнййпедхраюмй	2804004055
югхюряйн-рхуннйеюмяйхи аюмй	2801023444
яебепмюъ йкхпхмцнбюъ оюкюрю	2901047470
йнмяепбюрхбмши йнллепвеяйхи аюмй	3006000387
еюро аюмй	3015010952
юцпнхмйнлаюмй	3015012501
бйюаюмй	3015011755
аекцнпндянжаюмй	3123004233
ярюпнняйнкэяйхи юцпнопнлаюмй	3128000088
бкюдахгмеяаюмй	3327100351
бкюдхлхпяйхи опнлшькеммши аюмй	3329000313
мнйяяаюмй	3442028061
яебепярпниаюмй	3525269550
бнкнцдюаюмй	3525030674
бнкнцфюмхм	3525030681
яебепмши йпедхр	2901009852
опнлщмепцнаюмй	3525018003
аюмй яца	3525023780
аслепюмц	3528006214
мад-аюмй	5200000222
яюпнбахгмеяаюмй	5254004350
тнпся аюмй	5260152389
ухлхй	5249013007
юпгюлюя	5243006236
анцнпндяйхи	5245004890
ой-аюмй	5261002749
анпяйхи йнллепвеяйхи аюмй	5246000120
ебпнюкэъмя	3702030072
юйжхъ	3731001982
мюжхнмюкэмши аюмй яаепефемхи	3702558680
йпюмаюмй	3728018834
хмщйн	3702951429
бюь кхвмши аюмй	3818021045
цпхмйнлаюмй	3819001330
йпнмю-аюмй	3807000886
апюряйхи юмйа	3803202031
аюийюкйпеднаюмй	3807002717
щмепцнрпюмяаюмй	3906098008
рнпфнй	6915001057
лефдсмюпндмши рнпцнбн-опнлшькеммши аюмй	7100001459
цетеяр	6910003357
цюгщмепцнаюмй	4026006420
йюксцю	4000000103
щкхрю	4026005138
лсмхжхоюкэмши йюлвюропнтхраюмй	4101020152
йюлвюрйю	4101025538
аюмй пюгбхрхъ ахгмеяю	4205001732
рюиднм	4207013490
йсгаюяяухлаюмй	4205001450
мнбнйсгмежйхи лсмхжхоюкэмши аюмй	4216003682
ахгмея-яепбхя-рпюяр	4218004258
йсгмежйахгмеяаюмй	4216004076
мнбнйха	4216002921
укшмнб	4346013603
мнпбхй аюмй	4346001485
оепбши днпрпюмяаюмй	4346021555
йнярпнлюяекэйнлаюмй	4401008886
янбйнлаюмй	4401116480
лндскэаюмй	2204000595
щйяопеяя-бнкцю	6454027396
аюмй вапп	9102019769
цемаюмй	7750005820
пняяхияйхи мюжхнмюкэмши йнллепвеяйхи аюмй	7701105460
окюрефх х пюяверш	6316049606
янкхдюпмнярэ	6316028910
бнкцн-йюляйхи аюмй	6317009589
йньекеб-аюмй	5260059340
яосрмхй	5602001924
геляйхи аюмй	6325065114
мха	7303007640
бнкфяйхи янжхюкэмши аюмй	6311013853
юйрхбйюохрюк аюмй	6318109040
опхнпхрер	7715024193
бнкцю-йпедхр	6310000192
псятхмюмя аюмй	5012003647
рнкэъррхухлаюмй	6320007246
щк аюмй	0409000930
тхю-аюмй	6452012933
йернбяйхи йнллепвеяйхи аюмй	4510000735
йспцюм	4501010247
йспяйопнлаюмй	4629019959
21 бей	7831001729
лнахкэмюъ йюпрю	7835905228
оерепаспцяйхи пюявермши жемрп	7831001704
яхрх хмбеяр аюмй	7831001422
аюкрхмбеяраюмй	7831001415
яебгюохмбеяропнлаюмй	5321038693
тхмюмянбши йюохрюк	7831001623
яща аюмй	4706006731
щмепцнлюьаюмй	7831000066
юкейяюмдпнбяйхи	7831000080
яхюа	2465037737
бхрюаюмй	7831000147
лефдсмюпндмши аюмй яюмйр-оерепаспцю	7831000210
аюмй "яюмйр-оерепаспц"	7831000027
цнпаюмй	7831001239
яюмйр-оерепаспцяйхи аюмй хмбеярхжхи	7835903703
назедхмеммши йюохрюк	7831001013
хмйюяаюмй	7831001060
опюил тхмюмя	7831001158
оерепаспцяйхи янжхюкэмши йнл. аюмй	7831000965
пняяхъ	7831000122
бхйхмц	7831000098
мебюярпнихмбеяр	0541002492
рюбпхвеяйхи аюмй	7831000108
йпедх юцпхйнкэ йха	7831000612
мебяйхи мюпндмши аюмй	7835905108
дюмяйе аюмй	2901081545
щйях-аюмй	7831000940
аюмйхпяйхи днл	7831001246
аюмй нпюмфебши	3803202000
аюмй тхмхмбеяр	6436003219
гюсаеп аюмй	0900000042
ебпняха аюмй	6027005825
псяйнаюмй	7834000138
кемнакаюмй	6229005810
йнмярюмя-аюмй	7831000806
аюмй аепеир	4704470120
кхоежйхи накюярмни аюмй	4825004973
цкнаюк щйявеимдф	7729496647
жлпаюмй	7750056670
ал-аюмй	7702000406
п-хмйюя	7707377237
пюявермше пеьемхъ	7750005860
беярхмрепаюмй	7744002042
рюспся аюмй	7453013650
юлр аюмй	7722004494
тнпаюмй	2202000656
ощич	7750005806
тхмяепбхя	7750004270
паю	7609016017
пемеяяюмя	7736017341
опнлшькеммн-тхмюмянбне янрпсдмхвеярбн	7744002187
лнпяйни аюмй	7714060199
хмрепюйрхбмши аюмй	7744000824
юбрнрнпцаюмй	7727038017
дниве аюмй	7702216772
демхгаюмй лняйбю	7705205000
назедхмеммюъ пюявермюъ яхярелю	7712108021
йнллепжаюмй (ебпюгхъ)	7710295979
аюмй яаепефемхи х йпедхрю	7734096330
лхдгсун аюмй (лняйбю)	7705256396
ляо аюмй	7703213534
цюпюмр-хмбеяр	7723168657
пняяекэунгаюмй	7725114488
юкэрепмюрхбю	7750003870
гхпююр аюмй (лняйбю)	7708050033
пняяхияйхи опнлшькеммши аюмй	7724192564
хмрепопнлаюмй	7704132246
нмеи аюмй	7750005771
окчя аюмй	5503016736
релоаюмй	7705034523
ремдеп-аюмй	7706028882
ебпнюгхюряйхи хмбеярхжхнммши аюмй	7712034098
лняйнбяйхи йкхпхмцнбши жемрп	7707033412
оепбши йкхемряйхи аюмй	7744003039
пемеяяюмя йпедхр	7744000126
щйнмнлхвеяйхи янчг	7750005690
пюявермши днл	7709311351
ябъгмни аюмй	7712044762
анцнпндяйхи лсмхжхоюкэмши аюмй	5031032717
юяйюмхъ рпюяр	7709094876
кхмй-аюмй	7713097982
псяяйн-цеплюмяйхи рнпцнбши аюмй ю.н.	7704112176
яоежяерэярпниаюмй	7705014728
пм аюмй	5503067018
янчг	7714056040
псяяйхи ярюмдюпр	7707056547
хмрпюяраюмй	7736193347
юдлхпюкреияйхи	7704010544
мя аюмй	7744001024
лепяедея-аемж аюмй пся	7750004190
цюгярпниаюмй	7744000165
кнйн-аюмй	7750003943
мнбхйнлаюмй	7706196340
спх аюмй	7750004231
псяяйхи тхмюмянбши юкэъмя	0901001024
рщлап-аюмй	7707283980
лап-аюмй	7705041249
опнлхмбеяраюмй	7734052372
пняцняярпюу аюмй	7718105676
лерюккхмбеяраюмй	7709138570
яепбхя пегепб	6829000290
мйа	0814042850
оскэя ярнкхжш	7709233110
бнгпнфдемхе	5000001042
мюпндмши днбепхрекэмши аюмй	7708018456
жемрпйнлаюмй	7703009320
лхп ахгмея аюмй	7744002363
амо оюпхаю аюмй	7744002405
аеяр щттнпря аюмй	7831000034
бра	7702070139
дхмюлхвмше яхярелш	7744003159
пнящйяхлаюмй	7704001959
ебпнюйяхя аюмй	7705055869
ебпнлер	7726016846
йпелкебяйхи	7706006720
югхлср	7725065199
юбюмцюпд	7702021163
яхрхаюмй	7710401987
опнтеяяхнмюк аюмй	7703122164
ебпнтхмюмя лнямюпаюмй	7703115760
рнпцнбши цнпндяйни аюмй	6901001949
мнбши яхлбнк	7734028813
пяйа	7703242969
рпюмяонпрмши хмбеярхжхнммши аюмй	7710066672
ащмй нт вюимю	7706027060
онврю аюмй	3232005484
аюмй йнпонпюрхбмнцн тхмюмяхпнбюмхъ	7704111969
дф.о. лнпцюм аюмй хмрепмеьмк	7710014949
хмц аюмй (ебпюгхъ)	7712014310
яаепаюмй пняяхх	7707083893
йсрсгнбяйхи	7730063084
юпеяаюмй	7718104217
лняйнбяйне хонревмне юцемрярбн	7703247043
лря-аюмй	7702045051
хярйнл-тхмюмя	7744003014
югхъ-хмбеяр аюмй	7724187003
лефопнлаюмй окчя	7718116607
аюмй йпедхр ябхяя (лняйбю)	7703122887
лефрнощмепцнаюмй	7701014396
юоюаюмй	7705031219
лняярпнищйнмнлаюмй	7728185046
бецю-аюмй	7727095209
ейюрепхмхмяйхи	2353002454
уйт аюмй	7735057951
йпняяхмбеяраюмй	7710008416
аюмй "яйя"	7750005845
хмтнплопнцпеяя	7732012737
боа	7708009162
щмепцнахгмея	7750004320
йнялня	7744001930
лх-аюмй	7744000609
пняаюмй	7730060164
пняяхияйюъ тхмюмянбюъ йнпонпюжхъ	7744003127
мгаюмй	5008004581
псмю-аюмй	7701041336
щя-ах-юи аюмй	7708013592
аюмй днл.пт	7725038124
хмбеяррнпцаюмй	7717002773
юкет-аюмй	7710050376
юйюделхвеяйхи псяяйхи аюмй	0510000015
цпхмтхкдаюмй	7701000940
аюмй гемхр	7729405872
лрх аюмй	7750004175
хмбеярпюяраюмй	7750004295
оепеябер	7703074601
лнпцюм ярщмкх аюмй	7750003929
мй аюмй	7734205131
аюмй пеюкхяр	7744000327
лхйн-аюмй	7709046777
аюийюкхмбеяраюмй	3801002781
лнябнднйюмюкаюмй	7744002797
осьйхмн	5038013431
юкэаю юкэъмя	7704018984
беапп	7744002691
атц-йпедхр	7730062041
нпаюмй	6454002730
беярепм чмхнм до бнярнй	7727067410
овпа	7701138419
ощиоюк пс	7750005796
лхкаюмй	7731202936
ебпнйнллепж	0711007370
хмаюмй	5617000264
нро аюмй	7708001614
щкейрпнммши окюрефмши яепбхя	7750005700
метреопнлаюмй	7701020946
днл-аюмй	5009018805
якюбхъ	7726000596
лйа	2465029704
оерпнтт-аюмй	7744001634
тхмвеп	7750004337
рпюмяярпниаюмй	7730059592
опелхсл	7750005764
псяяйхи лефдсмюпндмши аюмй	7750004111
йпедхрхлощйя аюмй	7730030466
пецхнмюкэмши аюмй яаепефемхи	7744000550
псакебяйхи	7731063707
аюмй ояю тхмюмя пся	7750004288
цнкдлюм яюйя аюмй	7750005387
тнпю-аюмй	7704113772
дфюяр аюмй	7750005651
яхмйн-аюмй	7703004072
кюмрю-аюмй	7705260427
хя аюмй	7744001673
юла аюмй	7723017672
щив-щя-ах-ях аюмй (пп)	7707115538
люяреп-аюмй	7705420744
едхмярбеммши	4908001687
рпюмяонпрмши	7710070848
пецхнмюкэмши аюмй пюгбхрхъ	0278081806
щл-ч-щт-дфх аюмй (ебпюгхъ)	7750004030
лефцнясдюпярбеммши аюмй	
опнляаепаюмй	5036037772
оепбши пеяосакхйюмяйхи аюмй	7706082657
дюкемю	7720069320
кецхнм	7750005524
рпюмямюжхнмюкэмши аюмй	7703030636
янтпхмн	7744001440
дхк-аюмй	7744001521
нол-аюмй	7710001820
мюпндмши аюмй	0901000990
кюираюмй	7710046757
лефдсмюпндмши тнмднбши аюмй	7729109369
рпюмяйюохрюкаюмй	7709129705
лнмнкхр	7735041415
рюмдел	7703074584
чмхйнп	7744001095
бхрюя	7716079036
псяяйхи аюмйхпяйхи днл	7709007312
хмрепопнцпеяяаюмй	7724096412
оепбши хмбеярхжхнммши аюмй	7713073043
янжхсл-аюмй	7717011200
псяяйхи пецхнмюкэмши аюмй	6017000271
мюжхнмюкэмши хмбеярхжхнммн-опнлшькеммши	7744001144
лхпю-аюмй	7744002814
йхбх аюмй	3123011520
лефдсмюпндмши ярпнхрекэмши аюмй	5001068138
смхтхм	6312013912
юкэрю-аюмй	7730040030
цюцюпхмяйхи	7729078921
мюпндмши йпедхр	7750005436
ебпноеияйхи ярюмдюпр	0725991479
люйяхлю	7744000920
аюмй - р	2315126160
щйн-хмбеяр	7711068778
ъмдейя.демэцх	7750005725
хмбеярхжхнммши янчг	0505005057
аюмй атр	7705039183
аюмй ярюмдюпр-йпедхр	0102000578
пеян йпедхр	7750004305
пемрю-аюмй	7744003007
бмеьопнлаюмй	7705038550
щйяопеяя-йпедхр	7719020344
щйяонаюмй	7729065633
аемхтхр-аюмй	7707093813
аюмй фхкхымнцн тхмюмяхпнбюмхъ	7709056550
люяр-аюмй	7744001761
псямюпаюмй	7744002211
яслхрнлн лхжсх пся аюмй	7750005450
лерпнаюмй	7725053490
цкнася	7725038220
лняйнбяйхи йнллепвеяйхи аюмй	7727065444
мюбхцюрнп	7704046967
ебпняхрхаюмй	2632052342
йнллепвеяйхи аюмй пюгбхрхъ	7744000729
янахмаюмй	7722076611
смхтнмдаюмй	7744002660
ля аюмй пся	7744001105
яхярелю	7705003797
мюжхнмюкэмши ярюмдюпр	7750056688
лерюккспц	7703010220
йнллепвеяйхи хмдн аюмй	7744003342
йпедхр-лняйбю	7705011188
лаю-лняйбю	7744001828
яебепмши лнпяйни осрэ	7750005482
яхахпяйхи щмепцерхвеяйхи аюмй	0411003255
мпд	7702165310
мюрхйяхя аюмй	7744001810
жемрпнйпедхр	7707025725
мнбши бей	7744002652
пняхмрепаюмй	7744000736
рпебек аюмй	2312012510
лняйнбяйхи накюярмни аюмй	7750005588
аюмй пюгбхрхъ реумнкнцхи	7744003173
гюоюдмши	7750005637
аюмй латх	0541009561
псяяйхи хмбеярхжхнммши юкэъмя	7750005563
лефдсмюпндмши аюмй пюгбхрхъ	7744001218
хпя	7713073082
чмхйпедхр аюмй	7710030411
тхмюмянбши ярюмдюпр	0304001711
тхмопнлаюмй	7707077586
чмхярпхл	7750004009
юияхахях аюмй	7750004217
опнлябъгэаюмй	7744000912
аюмй мю йпюямшу бнпнрюу	7708005552
псяяйне тхмюмянбне наыеярбн	7744002860
ярпюрецхъ	7727039934
рхлеп аюмй	1653016689
лнярпюмяаюмй	7718137822
мнрю-аюмй	7203063256
рпюярнбши пеяосакхйюмяйхи аюмй	7744002204
аюмй пло	7722022528
аюмй цнпнд	1103017551
юилюмхаюмй	0411005333
дфеи щмд рх аюмй	7713001271
псяяйхи ярпнхрекэмши аюмй	7744001514
нцмх лняйбш	7701028536
юкэтю-аюмй	7728168971
лхккемхсл аюмй	7744002839
лняйнбяйхи хмдсярпхюкэмши аюмй	7725039953
хонрей аюмй	6311026820
аюмй тхмюл	7709315684
днпхя аюмй	7710093348
реппю	7750004256
тнкэйябюцем аюмй пся	7750005605
юмрюкаюмй	7710036614
хьаюмй	7706195570
йсгмежйхи лняр	7750004094
хмрепйнллепж	7704045650
лняйнбяйхи метреухлхвеяйхи аюмй	7744000990
рнинрю аюмй	7750004136
айя аюмй	5460000016
лефдсмюпндмши тхмюмянбши йкса	7744000038
рпюяр	7831001567
гюлняйбнпежйхи	7714044415
ярюпаюмй	8905007462
мюжхнмюкэмши йкхпхмцнбши жемрп	7750004023
лефнрпюякебюъ аюмйнбяйюъ йнпонпюжхъ	7750004143
смхбепяюкэмши йпедхр	7736009502
опхяйн йюохрюк аюмй	7713029647
мюжйнпоаюмй	7744002821
лняйнбяйхи йпедхрмши аюмй	7734202860
лхпз	6312023300
кщмд-аюмй	7750056695
янкхдюпмнярэ	7736188731
пняднпаюмй	7718011918
аот	7719038888
вюимюяекэунгаюмй	7750005926
псяэсмхбепяюкаюмй	7718120593
депфюбю	7729003482
пняахгмеяаюмй	7706096522
юйпнонкэ	7750004168
лнах.демэцх	7750005852
мщйкхя-аюмй	7707040963
ярнкхвмши йпедхр	7718103767
псяяйхи гелекэмши аюмй	5011002908
ядл-аюмй	7733043350
юпяемюк	7725061268
хмярпниаюмй	7729003299
едхмюъ пюявермюъ оюкюрю	7702062635
лерпнонкэ	7706005050
кеяаюмй	7702018971
яндпсфеярбн	7744002412
лефаюмйнбяйхи йпедхрмши янчг	7708019724
опнйнллепжаюмй	7706009657
пюиттюигемаюмй	7744000302
демэцх.лщик.пс	7750005718
ебпноеияйхи хмдсярпхюкэмши аюмй	7704064645
едхмюъ йюяяю	7750005732
ебпюгхияйхи аюмй	7536002161
юцнпю	7725068827
юцпнопнлйпедхр	5026014060
янбпелеммше ярюмдюпрш ахгмеяю	7744001994
рюил аюмй	6165029771
юлепхйщм щйяопеяя аюмй	7750003950
ярпнийпедхр	7744003511
напюгнбюмхе	7736017052
смхбепяюкрпюяр	7744002684
яоежярпниаюмй	7706074938
хмбеяраюмй	3900000866
юпйяаюмй	6829000412
онид╗л!	5401122100
ч ах щя аюмй	7750003982
мтй	7750004104
оепбши деонгхрмши аюмй	6931000220
йюохрюк	8603001619
аюмй пюсмд	7712002554
лтр-аюмй	7750004129
псаюмй	6163025806
ялюпраюмй	5006008573
пняяхрю-аюмй	7730067441
лефдсмюпндмши опнлшькеммши аюмй	7710409880
янбепем аюмй	1653017403
лскэрхаюмй	7710106861
рсяюп	7708000628
люяреп-йюохрюк	7709035670
псяяйхи якюбъмяйхи аюмй	7706193043
ебпнрпюяр	7744000334
хйюмн аюмй	5047998520
йпедхр ебпною аюмй	7705148464
аап аюмй	3900001002
алб аюмй	5047093433
опнляекэунгаюмй	6449011425
йпнямю-аюмй	7703002999
ценаюмй	1102008681
назедхмеммши аюмй опнлшькеммшу хмбеярхжхи	7702281122
вюимю йнмярпюйьм аюмй	7750005789
беяр	7709053245
л2л опюибер аюмй	7744001320
аюмй пях	7744002500
пнящмепцнаюмй	6167007639
бей	7714008520
спюкяха	0274062111
лефпецхнмаюмй	2112001380
нунрмши пъд	7744000937
пха	7704019762
птх аюмй	7729399756
лняйбю-яхрх	7703033450
беярю	6027006032
якюбъмяйхи йпедхр	7709024276
йща щивщмах аюмй	7750005901
яерекел аюмй	6452010742
цюгопнлаюмй	7744001497
якюбъмяйхи аюмй	7722061076
лефдсмюпндмши юйжхнмепмши аюмй	7703025925
тхмюмя ахгмея аюмй	2329003217
яюуюдюилнмдаюмй	7709167933
ябъгэ-аюмй	7710301140
мнбши лняйнбяйхи аюмй	7703008207
пняюбрнаюмй	7717004724
пеяосакхйюмяйхи йпедхрмши юкэъмя	7734052439
щпцнаюмй	7705004247
опенднкемхе	7701051006
нпцаюмй	7736176542
пюл аюмй	7750004263
бяепняяхияйхи аюмй пюгбхрхъ пецхнмнб	7736153344
йпнйся-аюмй	7710142732
ебпнйпедхр	7701013346
йнлоюмхъ пнгмхвмнцн йпедхрнбюмхъ	7750004351
юибх аюмй	7744002282
лефрпюяраюмй	7730045575
аюмй опелэеп йпедхр	1102011300
тпхднл тхмюмя	6506000327
янйнкнбяйхи	7744001070
мюжхнмюкэмши аюмй пюгбхрхъ ахгмеяю	7750005500
пняйнялняаюмй	7727051787
яебепн-бнярнвмши юкэъмя	7707288837
ункдхмц-йпедхр	7710033170
цсрю-аюмй	6905011218
пеяспя-рпюяр	7703016208
ясднярпнхрекэмши аюмй	7723008300
аюмй хмрегю	7708022300
кюдю-йпедхр	6320013240
псяяйхи рпюярнбши аюмй	2627016420
окюрхмю	7705012216
йкхемряйхи	7730123311
мюжхнмюкэмши пегепбмши аюмй	7703211512
хмйюупюм	7750003904
бпа	7750005531
лга	7736008918
аюкрхйю	3900000834
лняйнллепжаюмй	7750005612
псяхв жемрп аюмй	7744001835
хмрепйпедхр	7744001793
бхръгэ	7725061155
рхмэйнтт аюмй	7710140679
юаянкчр аюмй	7736046991
пюгбхрхе-ярнкхжю	7709345294
тй нрйпшрхе	7706092528
опнахгмеяаюмй	7729086087
мнпдею аюмй	7744000398
пецмсл	7744000630
метръмни юкэъмя	7744002275
лсплюмяйхи пюявермши жемрп	5190103184
ляйа	5190900165
мнбнаюмй	5321029402
якюбъмаюмй	5321068480
окюрефмши ярюмдюпр	5410495331
юйжеор	5405114781
окюрефмши жемрп	2225031594
кебнаепефмши	5404154492
щйяоепр аюмй	5502051657
хр аюмй	5503008333
яхащя	5503044518
оепяоейрхбю	5503135638
асгсксйаюмй	5603009098
мхйн-аюмй	5607002142
тнпьрюдр	5610032972
аюмй нпемаспц	5612031491
псяэ	5610032958
жепху	5751016814
нпкнбяйхи янжхюкэмши аюмй	5753009570
йсгмежйхи	5836900162
онврнаюмй	5902300019
щйнопнлаюмй	5904002762
оеплэ	5902300033
опнтеяяхнмюкэмши хмбеярхжхнммши аюмй	5904004343
спюкэяйхи тхмюмянбши днл	5902300072
бекхйхе ксйх аюмй	6025001470
бюйнаюмй	6025001487
днмяйни хмбеярхжхнммши аюмй	6147006926
днм-рейяаюмй	6155017417
пняртхмюмя	2332006024
гелекэмши	6132001298
йюохрюкаюмй	6164102933
жемрп-хмбеяр	6163011391
чфмши рнпцнбши аюмй	6164100968
днмйнлаюмй	6164102186
яекэлюьаюмй	6166003409
днмхмбеяр	6168065792
яреккю-аюмй	6166016158
рюцюмпнцаюмй	6154035357
бърхв	6227005702
опхн-бмеьрнпцаюмй	6227001779
фхбюцн аюмй	6227003906
пхмбеяраюмй	6231027963
щйнмнлаюмй	6450013459
мхфмебнкфяйхи йнллепвеяйхи аюмй	6454005120
яюпюрнб	6455000037
юцпнпня	6453033870
аюкюйнбн-аюмй	6439044245
цюгметрэаюмй	6453031840
яхмепцхъ	6455014287
днкхмяй	6500001204
рхуннйеюмяйхи бмеьрнпцаюмй	6501024719
хрспсо	6501021443
ункляй	6509006951
оепбнспюкэяйаюмй	6625000100
яйа-аюмй	6608003052
йнкэжн спюкю	6608001425
меибю	6629001024
бсг-аюмй	6608007473
спюкэяйхи аюмй пейнмярпсйжхх х пюгбхрхъ	6608008004
окюрн-аюмй	6608001383
бетй-спюк	6608007402
лерйнлаюмй	6612010782
ейюрепхмаспц	6608005109
спюктхмюмя	6654001613
ялнкебхв	6725008696
яебюярнонкэяйхи лнпяйни аюмй	9203001743
бба	7604014087
рюланбйпедхропнлаюмй	6829000028
рнляйопнлярпниаюмй	7000000130
яохпхраюмй	7100001642
рскэяйхи опнлшькеммхй	7104024168
оепбши щйяопеяя	7100002710
гюояхайнлаюмй	7202021856
ярпникеяаюмй	8622002375
дпсфаю	7202010558
яхахпяйхи аюмй пейнмярпсйжхх х пюгбхрхъ	2125002247
яхаметреаюмй	7202072360
рчлемэюцпнопнлаюмй	7202026861
яспцсрметрецюгаюмй	8602190258
оспое	8913002468
еплюй	8603001714
опхнаэе	8603010518
яхлахпяй	7303003148
бемеж	7303024532
об-аюмй	7303008900
пецхнмюкэмши йнллепвеяйхи аюмй	7302000916
векхмдаюмй	7453002182
спюккхцю	7453011395
пегепб	7451036789
векъахмбеяраюмй	7421000200
сцкелераюмй	4214005204
ямефхмяйхи	7423004062
схй-аюмй	6608000943
спюкопнлаюмй	7449014065
йпедхр спюк аюмй	7414006722
аскцюп аюмй	1653017160
ъпхмрепаюмй	7601000618
йпедопнлаюмй	7601000294
мнбюжхъ	0100000050
люийноаюмй	0100000036
окюрефмши яепбхямши аюмй	0268028881
пняйнлямюааюмй	0274051857
опнлрпюмяаюмй	0274045684
ют аюмй	0274061157
лни аюмй. хонрейю	0276005447
аюийюкаюмй	0323045986
опнлябъгэхмбеяр	0504004830
мнбши йнллепвеяйхи аюмй	0541002407
йпедхрхмбеяр	0546016675
юмдфхаюмй	0541002693
щяхдаюмй	0541002573
хлаюмй	0541011169
йпедн тхмюмя	0527000260
лбя аюмй	0548002149
ахгмеяаюмй	0541013624
юкфюм	0541011313
опеярхфйпедхраюмй	0541014280
щйяопеяя	0541015808
дюцщмепцнаюмй	0541019312
мютрюаюмй	0523000943
люияйхи	0703000942
мюкэвхй	0711003263
опнукюдмши	0709002625
мннятепю	0411006129
йпедхраюмй	0814037200
нмецн	1001011328
яебепмши мюпндмши аюмй	1101300820
лнмерю	1215192632
иньйюп-нкю	1215059221
хмрепйюохрюк-аюмй	7715000114
йя аюмй	1326021671
юйрхб аюмй	1326024785
юпр-аюмй	1504031480
1аюмй	1504029723
йкюяяхй щйнмнл аюмй	1501012538
аюмй пюгбхрхъ пецхнмю	1500000240
дхц-аюмй	7714015358
пюгбхрхе	0901001151
рейяаюмй	0901001063
аюмй 131	1655415696
яеребюъ пюявермюъ оюкюрю	1653019873
йюляйхи йнллепвеяйхи аюмй	1650025163
рюрянжаюмй	1653003834
рюрюцпнопнлаюмй	1627000724
щмепцнаюмй	1653011835
гюпевэе	1653016664
юбепя	1653003601
юбрнйпедхраюмй	1626000087
хмреуаюмй	1658088006
юй аюпя	1653001805
рюртнмдаюмй	1653016914
аюмй йюгюмх	1653018661
яоспр	1653017026
юбрнцпюдаюмй	1650072068
мюпюр	6452999822
юкршмаюмй	1657190840
юйхаюмй	1650002455
хй аюмй	1653005038
юмйнп аюмй	1653017097
мюпндмши аюмй рсбш	1700000350
щкокюр	1840056378
ашярпнаюмй	1831002591
лнахкаюмй	1827002623
сдлспрхмбеярярпниаюмй	1834100678
спюкэяйхи рпюярнбши аюмй	1831027349
хфйнлаюмй	1835047032
жемрпюкэмн-югхюряйхи	1901017690
уюйюяяйхи лсмхжхоюкэмши аюмй	1901036580
ахгмея дкъ ахгмеяю	2119000435
лецюонкхя	2126003130
всбюьйпедхропнлаюмй	2129007126
назедхмеммши аюмй пеяосакхйх	2126003557
юклюгщпцхщмаюмй	1435138944
